peptide	template	bound_score	unbound_score	unbound_score_frozen	binding_energy	binding_energy_frozen
RVASPTSGV	1qsf.pdb	-62.520140475084816	-15.60290561543809	6.40232127825692	-46.917234859646726	-68.92246175334174
RQISQDVKL	1qsf.pdb	-65.04125973692075	-24.79538260376131	10.698016191173252	-40.24587713315944	-75.739275928094
ILAKFLHRL	1qsf.pdb	-67.36538235688988	-17.27142683256787	17.83432278538382	-50.09395552432201	-85.1997051422737
ILGKFLHRL	1qsf.pdb	-84.07473637363819	-19.93645926207799	7.020286805680598	-64.1382771115602	-91.09502317931879
ILNAMIVKI	1qsf.pdb	-79.56838417956871	-28.71471998370575	2.2268723901505894	-50.85366419586296	-81.7952565697193
GLLGSPVRA	1qsf.pdb	-78.40891514897172	-24.088563065998216	-2.2587184860931586	-54.3203520829735	-76.15019666287856
NLVPTVATV	1qsf.pdb	-77.35602055622815	-18.77141488471767	6.527944637627286	-58.584605671510474	-83.88396519385543
NLVPMCATV	1qsf.pdb	-70.41724745893788	-24.19966991513519	10.434402165685327	-46.21757754380269	-80.8516496246232
NLVPMVAAV	1qsf.pdb	-72.36272226759823	-20.438887370814626	8.870425265009544	-51.9238348967836	-81.23314753260777
GLKEGIPAL	1qsf.pdb	-63.92836871920534	-30.492914934636417	10.229858929003939	-33.43545378456892	-74.15822764820928
